x1,x2
-1.52350614271837,-0.7662801330811349
0.4158819430026946,-1.3222277336451114
-0.7511182427049863,-0.6547526731936998
-0.22172985856266447,-1.4589539761374675
3.2422060186865984,-0.1218113481501879
0.15048465018810997,-0.5980110378412777
1.2785715544031173,1.6125611517366865
-0.12095177212042217,-0.18989857862117035
0.021969479710563622,-2.8436574704304793
1.077799061446519,-0.3195921795813012
1.9385961435136894,1.729353058586648
-2.200278607711561,-0.9247623437559339
0.088572481810077,-0.39995650951803324
0.500461017184224,0.20515135872354737
-1.8161306851715262,-1.2772184289289792
-0.31436141921156685,0.2640830744082935
-2.111840994012344,-0.8447616009035545
0.02371293872013603,-0.78985796089324
0.9310862112211991,0.7159013288898071
0.35701627604390646,0.8404592932654161
-0.732852023531941,1.636406304157195
0.820833372694661,1.5887406933700774
1.3859268560312696,0.7681437492749202
-0.05877203952439258,-0.44265023598095776
-0.9548559705053126,1.2159389606163824
-2.67444277728003,0.029349509534328952
-0.15565732369457064,-0.10827057657902657
1.258385270882695,1.3579734599074662
-0.44118908711188976,-0.41167309015820347
-0.9524049293374428,0.020148474208847276
0.6420973741591691,0.8407603181759166
-0.8991560862785122,-0.8120211252653831
0.022614155226889726,-0.2549042223831783
2.533197414545074,2.2187891247953058
1.0411360232556435,1.6134387062809354
-0.07099502753055056,0.8573479010092145
-0.7765043181298095,-0.16917380748945163
0.9653972141505627,0.5548128206905674
1.4317949925510909,1.6733635080075142
-0.06422302483987005,-0.5719185706151385
1.5567905040647578,-0.7552258993479641
1.2458858475657504,1.8778008504941974
0.6936883976942563,-0.2697697508313659
2.230799379913088,-0.26674032519117896
-1.5038660894163467,-2.0955154976386785
1.6700830110640497,0.7240272035381002
-0.8683973518020861,-1.6613054496605568
0.8257108537586003,0.21110539096302525
-2.1908653764083788,0.08231502094568754
-1.0229751724657454,-0.8754246332715384
-0.9724600509216884,-1.497694693820244
0.6876968086631998,1.6805262282211855
-0.3754026487625702,-0.8527646786424499
0.7777522565137104,-0.19738506314248574
1.5727244732070627,1.3185312700420937
0.8163110499970537,-0.4846438483443952
-0.46651800630884566,-1.228822928912091
1.9551257181357005,-0.6522104749634082
0.8345973099147206,0.2754827188642616
-0.23953246545043907,-0.2738698579659109
-1.094153399686252,0.5311955670723908
1.0686026840195406,-1.3781608642178866
1.1540942289462903,-0.5587728124984427
1.6025424540662925,-0.15794552163378892
1.0653080028184423,-0.2278597895289334
1.270551782062875,0.05257671236283495
0.02058844498964613,-0.8698697958863436
0.436058302395491,0.2616151970007126
-0.9349499110850906,1.0311992206859357
-1.2404414237384098,1.5140175421329811
-0.45109859238087435,0.6737247974584644
-0.6730005457835331,-0.3249848321652612
-0.10428870438013733,-0.7480199380774145
-0.08336790612666026,0.9957600889722162
1.23316872582924,0.14437045858203998
-2.051893274608642,-0.579101959187687
0.01277538876460875,-0.3221625994661658
-0.2071199103656889,-0.32390055846237137
1.7370470710339776,0.27386485827127577
-0.9570509111204394,-1.6991607291070814
-0.8859209455754452,-0.9621667097809752
-0.4205077622350394,-0.3404223459187972
0.9604508897648371,-1.4031805112386513
0.007691991428640679,-0.5499898685133787
0.8223446044150342,-2.0032298698628086
0.6994785570878995,1.5665814486333014
-0.2850704071096061,-1.0553019340313614
1.0610833031840128,-1.0474046902663132
0.8128413720554749,-0.4458303385613675
-0.7366886683770113,0.015290270579388506
1.440964335012434,-0.2125665570690469
-0.9946141967513493,0.5716838726995961
1.1694655106676728,1.8322599858213744
0.8196948548066832,-1.3366955816340347
-1.4025499204548777,0.48905512172360993
0.649248467548675,0.6474220066136208
-2.120570985677687,0.3044833024894112
-0.453369795548918,1.5364784911905736
0.6725175416285121,0.9066718315804075
0.22789764854895878,-1.3393379278546367
1.460400501360781,2.041638630315443
-1.415619193355175,-0.6451312895855965
-0.6990503353600283,1.0917192209244413
-1.083141586587566,-0.2672271512636426
0.2617874825844952,-1.6414562051990624
0.4425521890044369,-0.2211598748165775
-1.813056647629643,-0.07493479119768988
-1.13629610663954,1.069299997261973
-0.6609661387333912,0.7805236275803991
-1.2959200135981,-0.9190515345527688
-0.4441205736951024,-0.7688842995068171
1.239205291463691,-1.2186924886137607
0.6148616441221009,-0.14921398718986595
-2.8839242279040724,0.1785049118126707
-0.4793925839589735,0.01897695287416212
-1.1028768693472977,-0.4590416114102485
0.9831281846389013,0.8514802272010223
-0.37680592635641147,0.842689515195347
-0.15505593049682379,-0.2717947760055827
0.4970723989940808,-1.5524963817647484
-0.8007851070414675,-0.31496548165490384
0.8516304109082058,0.10803740324172745
0.48378525184631804,1.3460833788484374
2.053004149796152,-1.2866386773065686
-0.9328419342661476,-0.4591188980022648
-1.860092397596038,-0.9883616952438357
1.6748236443238338,-1.1501426369232248
-0.9450983785382091,-1.4562930540740768
-0.9439445887587501,1.7670652252305958
-1.0533585121554958,0.3467538184941468
-0.3216849528938818,0.44640523811025995
-2.01231870606983,0.2474665911748841
-1.0357563718385958,-0.2601310836946821
-1.5015119436895525,-0.6944613893562088
0.26098446490386296,0.5907745274379389
0.395612976551554,-1.4587502754560862
1.7911749704200188,1.4066612825463367
0.7048406695213719,1.142366783319971
-0.4677744101558092,-0.17447059698492992
1.2588050519447784,-1.3720799368115715
-0.5158344512790205,-0.7315453011699861
0.37025279533295236,-0.11957135002197597
1.4625547482041292,1.3174453129270784
1.1231530240556902,0.9704171221989281
0.6071396459890898,-0.07838197298804335
0.2003296710388314,0.24472609078179283
2.037132659243102,-0.07663135409954575
0.7075388920698814,-0.10472472025799616
1.67644858531748,0.8820691052704873
-0.3238129172660882,1.5482071055646704
1.195422289841439,0.8401172827222811
-0.5462286648668562,0.3461638025753017
-2.0665367852041028,0.39155613221132524
-2.2143773565983955,-0.5851633467989726
-0.04272798635526923,1.0169928811503908
0.36272828976916593,0.9622719742153621
-1.4548154477127107,-0.5200576559696567
0.06682943980118224,-1.2319214756826673
0.6134744013425786,0.923915782151814
-1.9943015683335328,-0.9194714070983725
0.3191909095178549,0.19531532101717664
-2.0900047082814877,2.0607613777159712
-0.5757213656307496,-0.05763885678770201
-1.4511423807151054,-0.23609454480956296
-0.7905688852819711,1.5849610833851548
-1.1162505630532185,-1.7292182739687474
-0.2913976305950606,-0.19331904336533692
0.7221898803975375,-0.7650005396214704
-0.7430232362414212,0.39500296114249445
-0.8127373441233992,-0.09803963382831116
-0.5288336567119745,0.7770437416937749
-1.0429128738144375,1.1421528056373687
-1.161247801057203,-0.8414511472684745
-0.3744233110518748,-0.3920484095371985
-1.0805010525164065,-0.7550500819146385
-1.6395946349658699,0.4087164978368577
1.9776137596219714,-0.9192620250180464
1.7947168648698997,1.124204275210332
-0.7140052169471912,-0.26597617631398895
0.34962852332212724,-0.586519935514791
0.7070011585651654,1.0485007473274925
1.5856459896422053,0.7771142400928586
-0.984197421249999,-0.21940931884427126
1.530804310066256,1.2518413107103945
-0.04151296573552629,0.790155781301938
-0.5780101830534193,0.086554567933137
1.8266912459639695,1.0121893443289773
-0.8200577394218496,0.44134367057519963
-0.2748511920911835,0.522278228939936
1.4385487629415399,0.023154977505555598
0.08468470160556418,1.8139375990879214
-0.20897569304286018,-0.6575741384847554
1.855350886502165,1.2054820569244753
1.6397229031280913,0.892894980555829
-0.9208668515400722,1.554505860294043
0.05061567926056804,0.3599124549363106
1.5195001444826626,1.7239782801336605
-0.43852525151930727,-0.14992748357726818
1.3369665949171696,-1.0028547526473712
0.23831406756994508,0.6244728367890708
-0.5741603561986002,0.5262359951809208
-0.4649705474524659,0.8698749658419139
0.8843189903953044,-1.3290976599935007
0.9920421494523644,-0.2277607256882137
-0.6486298342261321,0.41460148616652837
0.5216794597340082,0.40077464143948094
-0.10292379918737536,0.8027224126283681
-1.5649006859912442,-0.31359466051501605
-0.044146438933749366,0.8214677983041274
-1.3644252617619688,-1.520855098052514
1.6209017173871578,-1.0334713465911667
-0.6775931725001266,-2.405118136764014
1.0884776072239726,1.5320511617830297
0.7433179755553665,0.013066899253749589
1.2068421600687056,0.877434149116086
-0.9712967956030938,-0.2660952059569222
1.8872588688648892,0.3498414505695645
-0.706128117577082,0.567006736589971
0.8264024280331017,-1.5376774629952012
0.09012647947017276,0.5346975968721389
0.5865770760576049,0.4232541922021183
1.7533935129394445,0.9549633284708425
1.5169664492015178,1.0334129179991554
0.4404823890243226,0.7418900922470505
2.062957596534045,-0.6281793017817798
2.115948231970879,-0.925243233584966
-1.5873404596644725,0.4564631959318855
-0.4640416222778718,-1.0920258222348425
1.0895331143677485,0.6752535767214303
0.9282974645229622,2.3375949792321733
-1.572799841211432,0.48684999319000305
-1.5528216828189525,-0.18985591712200403
0.1777715083080036,0.38397729450925333
1.8262028569313244,1.943779883545132
1.0135432501761414,1.7021062372068458
-1.584884205416656,-0.8390862810927919
-0.40474837066171443,0.3741307874248238
-1.2112835262509465,-0.6127296752994128
2.780994804621485,0.41740580582807296
-0.1421052467436471,0.20357203494813836
-0.7186170511746447,0.649644500373846
0.2718407298506802,0.374622918046803
-0.2328070671427546,0.06827052718779186
-0.46282084227532333,-0.08519145508542242
1.8083802221219851,1.1601190275297275
0.24518633830748687,-0.44413661393915044
-0.852829375489779,0.05688005992313145
1.182567941113581,-1.123521980109733
0.005506799275130713,-0.13685740977224983
-0.699416820908243,2.124381601820852
1.02133022163518,-2.307462460809728
0.6826503420954959,-0.1550127482641215
-0.5154675045772081,0.49910550560462946
-0.3293965372750502,-0.5601228190794725
1.0963381872544573,-0.16446698416058042
0.25791798140855243,-0.1365926662065511
-0.057002248782962554,-0.9023218427594376
-0.2771708020340731,-0.18219671123388362
-0.007881986159062264,-1.8129885213311248
1.4110930021323564,0.24808224260719172
0.49028320438683176,1.5401565643363595
-0.36983024513541174,0.4687816156597544
-0.3359978489312231,3.3598502194713173
-1.0917204546017083,0.041446534203066474
-0.47305063597735464,-0.594858282842875
-0.23203278038934508,-0.19700187559934854
-0.40163014462386665,-0.20042362360681623
0.39674533815031515,-0.7678918592865133
-0.646445480840936,0.2682927813877673
-1.0328694592067553,1.6804090487384815
-0.30258580826676196,0.5690811372678934
0.4092427540107047,0.5152050801361935
-0.39067475870795393,-0.4404812222279922
-0.41818229390277556,1.0883772315024276
0.9039251311787385,1.0777541649662825
1.1870425341249369,1.1361163748511736
0.34968260083737795,-1.6057165068733084
-1.2096648151212546,-0.15700512310456186
1.7623621893834536,1.4233242304632654
-0.1728304288344336,0.6005093752108875
1.6902060972221447,0.5445574392735408
1.0755361710916527,-0.6287097204354918
-2.1948425301497982,-0.4773428708397196
-1.0817876293425597,-1.1690686234571135
-0.5476661517526874,-2.7732603658639614
-0.5046938021184205,1.2367597719146546
0.2005614744351195,0.19884726532589062
2.0257515574903655,0.4941876867365613
1.1139570490385455,1.2630246224824888
1.2476739281518632,1.834571670946093
1.5494454839313354,0.9544463813202069
-0.4069281728585366,0.2745123289449102
0.785026298705585,-0.3228410031592172
-0.6850829714123036,-2.380150757890466
1.5359291014275622,1.7048625792240801
0.5973773174022249,-1.435676535442711
0.4819260990375618,-1.7040136425215011
0.027642820601063833,1.5362942529587194
-0.4951461862456928,-1.325803604253622
0.8766355343458456,-0.7435105233942371
0.3900520335344639,-0.27821864956740316
0.9182939263948486,1.719192503270353
0.8811950844826973,-0.6656034216987148
-0.014760981664027178,2.364641967017899
1.4518760479321058,2.3947623085971004
0.19017317101073622,1.008096716063809
0.8845441202248234,-0.434053632278622
-1.5626850311893306,-0.3815816770048423
0.6551765417094181,-0.46280887712680896
-0.7676800221682775,0.27771898915195037
1.0823647216559222,-0.7153176742239733
-0.773408714013988,-1.5813500662506663
-1.7728906769864876,-2.1052052926268003
0.6146198527963175,-1.0007088093605925
0.26438573867632703,0.324306228407405
-1.7341763968287112,1.3960020372088218
-0.38578819443430334,-0.7224038568204146
-1.2398309824704044,1.417160928454764
1.695301831726141,1.3861047617335274
1.8835323688387762,-0.003417530774901159
-0.7864939817597311,0.7209873456867648
0.49458216205280703,2.0348315647177246
1.4108632470168265,1.4980830080355592
-1.0825264679797932,-1.0864990389814204
0.23869384870145913,-0.8631453944789359
-0.8914330652153318,-0.022344114811806745
-0.5558816239922231,-0.5229242752484605
-0.8485567330321206,-0.2513121136603129
-0.7568886872675681,0.14055744081565988
1.3220524094192032,-1.594605593677765
-0.2852759228562131,0.4579642550649897
-0.5378984296540927,-0.5963392337278657
1.8301464776906335,2.1954092088821944
-0.0490823909475845,-0.26280283648284375
1.3434118907504575,1.6857919421383682
0.4205391530790737,-0.5395838472797426
0.5641802295057976,-0.2881357547106869
0.02828208331189276,0.16827664172365892
-0.711171149272675,-0.07228309030017664
1.8190930303428536,-0.7964054621655866
0.7234802583568821,0.6474821011995612
1.0951854208723397,0.10356208718743688
0.7979007127797895,0.4864785653312616
-0.23030879333577461,0.9692800653417798
-1.0775816984988091,-2.512086501194755
1.7237663218797281,2.036580693774274
-1.9563376349793558,0.817917224744708
-0.23409734131359278,0.005019615946303834
-0.7732694052068252,0.3031246471610796
0.17861680700895327,-1.197689550847848
-1.0021486780430426,-2.06751854404788
0.09280524295790099,-0.5385239769823529
0.9471338537361169,-0.2210002070183818
-0.015659250538499724,-0.09897684525879756
0.4787263766689728,-1.8865408852856147
-1.9436496426557304,-0.14714396426399412
1.8589441962934214,0.17718887742337458
-0.36100723165514464,0.21748324951265186
1.4467788492182794,-0.52018715211935
0.036135263732911045,-0.3887379457631967
-0.8693594801038846,0.2124543502675112
-0.42356864528264815,0.14342776486736986
-0.276554260483595,0.13114518618893514
-0.38398372169142647,-0.9174567631258649
1.6308680770470927,0.6111694621363731
2.868312566506116,0.4227764590024571
1.2159799463274086,-0.38759769802237654
1.5572705015377863,1.559625796295474
-0.4634534963507018,0.8910227208838221
0.8400893373057332,-0.8906419216332354
-1.2478080065054566,-0.15207664926105335
-1.2762029304697893,1.5071689446253764
0.5145684069616939,1.0537509278252368
-1.3875733650528967,1.1646771801071563
0.3605498572664059,0.41969701579093643
-1.0442693375729555,-1.0881190711505302
-0.4904446972087509,0.7153320716953786
0.40638575343022826,0.30229330168226926
1.378946234293911,1.1490432979007352
1.2420157336784414,-0.7811918577251263
-0.919587528070646,0.564006226241618
-0.9315184620033211,-0.3568271124419479
-0.4019347623049821,0.23177979042381688
-0.7010389452955177,0.7714435498183821
1.3820028232014658,1.5927560606090216
-0.2423572478410413,1.2040417791059175
1.4808182886991972,0.41325102904406774
-0.1371465428833058,-0.014199686344465714
1.225250855600904,-0.0034548773427485768
0.9350379881390251,1.6327558644562814
-0.08544944188814924,-0.844885412706154
-1.7397587287873093,-0.8954965074928568
1.837043924368241,1.335569529448935
1.5086259602006173,1.084916822592646
0.09757641756354628,-1.6196004366662347
1.6740526069076869,0.5214949903198155
0.29169047224699124,-1.2976958996163859
0.2738906849216533,2.113246048695111
-1.4236283831146581,0.6457129665812668
-0.4549174175305764,0.12200482436308284
-1.3801598022367598,0.6203874630959745
-1.3137107277577418,-0.3085411244335447
-0.4090980221041903,-0.9945353221425706
-0.6083199822271211,-0.7399550482457633
1.1146954693261832,1.2460855356128908
-0.68721053981093,1.0818505977370285
-1.072435435630113,0.6612011738996803
0.2839659857884679,-0.2663072701524484
1.4374836606817583,-0.2652021310387986
1.0241782686237604,0.06311415655168923
0.10969677654906702,1.015496449852127
0.04360613810231202,1.8472540780351645
-0.5412327147550763,0.7354554850076974
-1.206673662398849,-0.2567090524980906
0.018033156016583,-0.6641892454982664
-1.3009709131846794,0.5381204020160119
-0.0033707091479812028,-1.557251659778056
-0.007993152181004378,-0.5269970072422063
-0.28356780106341456,0.8172168078409374
0.691781636322313,1.4579387507242558
1.0925934171030562,-1.2740644125935472
1.420876281192643,1.0037819871886295
1.0100078396771466,0.7212402865379959
1.0107514644265645,-0.468182967598003
-0.7764556751486485,0.3304683667248645
0.07232716540790579,-0.45515040957628305
-0.22478025102875213,-0.09094321627333256
0.9541230966538515,-1.2855230283470755
-1.0503371234671837,-1.1086515802967034
0.33957755524769967,1.0179013402685586
0.7054090745444792,-2.2592437702117794
-0.9938359364321033,0.6680671621352952
0.9861184797830691,-0.255592741207234
1.171094161297644,1.0570409289537137
-0.24819115591002391,0.014593102508310293
1.1120785634140133,0.54589502387205
0.40977343005984196,-1.8259401500535621
1.6172943611136705,1.5295345731257766
0.14189865261279602,0.019980304935118084
-0.7243827096108809,-0.5685640871025618
-1.8573763972757154,-0.4162955667922623
0.602575008937536,-0.9902015377831693
0.573927582201582,-0.02375237863462174
-0.019932724776278023,0.8163433906707386
1.7929808772569813,1.701455802273022
-0.3585042687475575,0.25704571621014144
-0.37017481239189615,0.9717652548211195
1.575290066945898,-0.46085464057250647
1.1364021408464349,1.8189056935813204
0.8081008528918463,0.4406246374787756
-0.6773825974859989,1.594256120903312
-0.11987055556870224,0.45099479066693876
0.1886449059522824,-0.15978266949407025
0.8535515758106234,-1.0111215294779503
2.2886506124140937,0.34543128336567763
-0.4227288648009113,0.4632074607571826
-0.003399376558202791,-0.4400967236317517
1.3905623424694684,-0.4351000183878723
-0.5706912107178768,-2.291191868018537
0.7499396843465699,0.4975207295870644
1.4836165805488866,2.334898927506673
-0.4014011556380377,0.19876144539832383
-0.025699886099874995,-1.2246543468967885
1.2918981354087162,-0.3475056669814705
-1.113356035565756,0.23233239216214097
-0.11566407849860848,-1.0798229387724483
0.1519276181611708,0.09716664493519558
0.912471253511793,-0.4835700122356091
1.3643436316999271,1.6317329098669686
-0.35634803556357864,1.4434794742962596
2.1874919893546085,1.4610678457766761
0.1765275162661716,0.417849659383007
-0.8957689869201698,-0.8706912919843522
-1.5708562025830213,-1.6169522875786049
-1.15681601508473,0.6589660396816565
1.4629800198794236,1.5470392068830252
-0.9058746903255264,-1.499965479198057
0.4385062804785555,-0.24155351246041437
0.3300559245918581,0.4624780628115985
1.8489067792347356,-1.22339317355423
0.23335851406289423,0.7921636031520418
-0.11599653880562406,1.2140319638785406
0.41517261579752524,-0.6714368414932644
-0.22463908833616408,0.02550930917496901
-0.9675910219376153,-0.4161041237385665
-0.28989224972637534,0.02474456495177948
0.004269309349328306,0.26346578867206943
-0.9701294020944016,0.1204046711981741
0.8770740610155421,1.0293665906945015
1.0774265911850116,-1.0102618759803943
-0.22364824830537056,-0.9502304499524656
1.6759105387137128,-0.36160484873459514
1.4893983066141117,1.4133661567902351
-0.0773161524629404,-1.1319506795934395
-0.23415590275148734,-0.01147726826122416
-1.1095603654893067,-0.3744067457800382
-0.010295627635662281,0.8670628618224266
0.12050176127559985,-1.2589221980948704
1.1777172355074779,-1.3979945755785486
-1.4653761200016877,-0.24231648507856857
-0.48276151945088897,0.29117228941703305
0.9930596080610516,0.3977721312321851
0.30437355664089155,-0.4857445858541699
-0.028936759540920506,-0.4820925578928045
-0.04611259364001096,2.0097335462329187
-1.5938441082312163,0.6459871589964115
1.1763448598782877,0.8543382884448746
1.6109547665444317,1.1244553464759353
-1.3288089493247222,-2.6948001175583873
0.8456989917289702,0.25103526971992457
-0.2551680224888935,-0.16200030229487258
-0.8955120182699211,-0.08394471341650332
1.1471608418302988,0.8613614138782162
-1.87021778089553,0.8808961562905239
-0.49357857433188057,0.5178492898186656
-0.5636147890629204,-1.9374050705020784
0.684309956188913,-1.0242531001770394
-0.223659322018371,-2.392117656040636
1.3597752118292288,1.1926438815895182
-0.2549788933529788,-1.0589613284500805
-0.6182651080311078,0.783998846958612
-0.7873297382135919,-0.641730872118945
-1.7630162173593291,-0.13951834942063052
0.15651536984906692,1.1647408210573305
0.8498533967247468,0.24488624070172535
-1.6504700456268016,1.3564254051681268
-0.7254715247574175,-0.6397711432187776
0.22236621405588816,-0.048811444799746646
-0.45459829637006205,-1.3557031898720546
1.7378023299867138,-0.07775532297852564
1.1628532160267586,-0.032786027986662185
-0.3714697740830731,-1.3119929164632917
-1.4088305649048118,-2.2563841634400292
-1.0485318430030082,1.2217706264050294
1.2422927076228856,1.7533789476342387
0.8494086491817825,-0.3138925595264624
-1.3733674788385681,0.2923614485338815
-0.10648024277834764,-0.10464273992416091
-0.24803979319217262,-0.24043359334983194
0.46015269992649854,-1.3415452169342879
0.953604102873482,1.4465451643324847
-0.06791541635192494,1.4349235463013212
-1.2764745488501708,-0.29200701913573074
0.8104840860930997,0.9080178631224887
0.16071661767630288,-0.17381570940418944
1.2190850693487023,1.4840548895966337
0.1456823565624315,-0.686885059562865
0.17529349668003327,0.5784972328747499
-0.7556908935373657,-1.76976456143617
0.7063958569225177,0.42800137399383215
1.5708299358808995,1.5157046400417225
0.5861491341043633,-0.5401444631970265
-0.3215257184197085,1.2336198558637612
-0.1096502619888017,0.5650009025028861
-0.5144437084657928,-1.07919022107391
1.414454387384736,1.8892238101658725
-1.3738227948862707,1.6582050238721184
0.7053007464509417,-1.4162997877793952
1.431254978588389,0.33090723090251606
1.1479344564273586,0.6543482950837333
-0.5826486883337141,0.8933131017404814
-0.8741082290833315,-0.4154828473171475
0.7893042497778093,-0.4993642918437485
-1.8412164694351179,-2.0555341055387273
-0.33892293392050105,0.6463026104084694
-0.3646820987814971,0.795326244757893
0.6222994011955809,1.228848731351234
-0.667676283342713,-0.0011176045861340132
-0.5757106432192676,-0.6217839654829954
-1.6034918566355605,-0.9046781618142
1.0982357797188913,0.8268126243689013
-0.32022345617490894,1.6927981609728513
1.0965111892729063,2.0331280713975457
0.27116341144370715,0.6120847974437328
0.5879571755304887,1.180260400114021
0.7127777405318271,-1.526251834943214
3.1499476810879745,-1.4120705415125707
1.4169845660038747,1.6089527038313176
1.1115446482570412,2.292279321169938
2.967527275090674,0.7833043234221251
-2.075488433167733,-1.2512528785558943
1.7883047559832508,-0.5621594940766215
-0.5168246009806263,0.7720664603143289
-0.7733917770403537,-1.8599777144798182
0.8435258463019166,1.7382776025444122
-0.6406285768236467,0.6665103682861553
1.0935061498782475,1.5181293501405497
1.0627743292678875,-0.8062541726127896
-0.13264336492760467,-0.23117961665035142
-0.7210772267258403,0.9590912176447113
-0.4113304208573146,0.8450131696186756
0.7032801837870317,0.5138286700832552
0.035825213212219716,-0.34140392023107774
0.9651660705984001,0.5732882707108949
0.19018590351499048,-0.5409267644854733
1.3104232251525127,1.340431523748022
-0.48104517181164197,0.04114850154334074
0.4846167771273288,1.1486821176516235
0.6374903116485235,-0.8379518153789379
-0.26774877918981255,0.4006186906805299
-1.0650466082017593,-0.5208019982302328
-0.625630086593596,-0.748831400661819
-0.7544487729253129,0.24518488444066952
-2.097689156313058,-0.5384002583741424
0.733480796036274,-0.42982586265444295
-0.522543138841257,1.7123461184077706
-0.5898320932560775,-0.32587802748620326
1.177254566233274,1.0914273295937431
0.4921885755561254,-0.7097167350913648
0.9693223745126148,0.48928082187697697
-0.1968886588327464,0.30482204444235933
0.3988234131374111,-0.8436489212017511
-0.17708191299267506,2.4944235789225977
0.7915530542247432,0.9381958756320802
1.737169061588404,1.5914697425684388
0.5046223435943092,1.3824359752038882
-2.3916293944919484,-1.3919456553178482
0.04227679598444864,-0.5831347653070876
-1.1693994003567434,-0.2942447939112071
1.7484331534953246,1.2459007154950923
0.7033024107407496,0.38059317643894025
1.031697305023991,1.3403950191106122
-0.3930875509907845,1.507136444227662
0.20436617165519053,-0.9352172182146946
-0.2681608058326041,-1.9789440833492378
-0.18255864223259807,-1.166538397983813
0.891396352946918,0.9690488233647466
-1.3544121121305601,0.2363438634899886
-0.0826954988137825,1.330664217160286
-0.8045456869499573,-0.36347580482006403
1.323269504047472,1.690528156900264
0.8952215229674624,0.004203064300857675
-0.5613015867149869,-0.5051377863111849
-0.6033567332582775,0.01971263503177132
0.5804003021205614,0.24481427250828816
0.5587132751368555,0.8925308553639172
1.0417834103508359,0.4936886300567201
0.4724807586866779,-1.2570280115738783
1.084988933080178,-0.4900178698209282
-1.9353730314687168,-0.9750865074985592
0.4402054863415343,-0.28513279398658764
0.3745225643992615,2.3741533571115783
1.2765091875357497,1.2822364109286553
-0.6309152666275709,-0.9332739882964461
0.5206925123662433,0.7085376845973993
2.049417980820292,1.603776507142092
-0.8618777872840784,-1.3443874501957631
1.5056093831650228,-0.11139438089101558
0.6081846925290895,-0.49743330774392486
0.05960429366395963,0.8725602177163336
-1.0877210676601161,0.5437878746118853
1.5673496795035697,1.4678764009786325
0.2815236132303506,-0.13345816097402138
-2.968392367059277,-0.1937173028633634
0.4101745697192508,-1.6974115765482065
0.062211837720965675,0.30905013027779776
0.8903297033908061,0.015344687664296778
0.5377704199793788,0.39612753254775096
-0.1889876704559848,2.44945992118057
-0.3040250882623283,1.6104754634060623
-1.289199357004235,-0.8600344223160554
-0.3465482212879945,-1.0384649137474127
-0.014853257292253596,-0.20470613319472056
1.0005209770122847,1.4067137806690992
-0.3942599949875504,-0.39345667528451156
-0.0066049774544321834,-0.3729131620321065
-0.5535805984171276,-0.16143498607764628
-1.482095959288657,1.602934704315355
1.3756050293122168,-1.4457315561943895
0.33882903116236873,1.4510895350222526
-0.130765900299733,1.4658020912669862
-0.37020688860283774,0.2652531586893754
0.09253972859827421,0.6103686238254674
0.9197721038140719,0.935413337761415
0.01472014971108512,-1.4065778143257393
0.332790855864082,-0.31842712582683813
-1.6599898945666218,-0.5756984552322392
-0.15595030395858095,0.18172452753220578
1.1682875033006728,1.7244410108256092
1.2825658159758178,1.6474716790054706
1.5835774280849144,0.9841579549081341
-0.954106477924121,-2.061304871970812
0.6588241665600081,-1.4285319527783689
0.4600641071327581,0.40500599697135314
0.2437276903288165,-0.5895768697400662
0.8831808110134259,0.5447646302957003
-0.8801039875680315,0.5411325996921712
-0.7351457900427417,2.0681458617343615
-1.9241446195742002,-0.8211944000382674
-0.22500003534507992,0.47106563422157466
-0.8991113219574848,1.3179776486963373
0.45959164021876003,1.8299125159732024
-0.9909003181558254,-2.196297861934061
0.43049138605509285,-0.5954825581580151
1.03215123851413,2.021684729211043
0.7033748706977309,-0.17044428208377654
0.1214580937253647,-0.8141129295385904
-0.16245618110443866,0.02411472664552822
-0.22488303485675953,-1.0967216621162281
-0.3270479271980885,0.506650452360302
0.03495532264805386,-0.058848628917799795
1.0847862871893128,0.37746516311614375
-0.10109607122643714,0.9508498012879639
1.6463166158917957,1.8314809982635865
-0.044309193447535464,0.8962371407891528
1.8975009120258945,1.2864236827292737
0.6210777191933676,-0.08282917494675758
1.3282580307835326,2.065987822996994
-1.276235488006725,0.06977408580460587
0.31934127701893206,-2.691802381463308
1.5302620965004972,1.3122702383936227
0.43764989684252825,-0.4856093841534119
0.909939688082939,0.7206030472627712
0.05828334959911359,0.45124264224184635
0.6669221684153314,2.0885805749102313
-0.030547853252998355,0.7513270214135799
2.487947256521928,-0.039047244995925955
-0.3071797112446531,-0.044482176944489665
2.141749296778144,-0.6520944180662361
0.4962438424344567,0.019655606510781472
0.10173455219859427,0.8939868219607384
-0.03718523743644394,0.857335419686505
-0.36514363644389164,1.2531231869350534
-2.452146946685108,-0.4428659610964666
0.898671535135071,0.2149811261366492
-1.911752931539149,0.7805210437130522
-1.184371184652043,0.33510932639996766
0.8233634661328438,-1.4273514815207355
-1.705594514178192,-0.7128896225296358
-0.37285663314744266,-0.11318609118245052
-1.1595433638934496,-1.0275524176231632
1.652862198721022,1.9478567170177312
0.33760679402231014,-0.10056874303926261
-0.7863788761223137,0.4996444790836663
-0.5932715206712004,1.2113566640754032
1.2734034698678585,1.706924612377585
-0.7665975720059001,-0.37519552567618175
1.0713233789407377,-0.13589512008149815
1.3731557527099014,1.5643053823776478
-0.2174634916223676,-0.4166115621961326
1.4066032744375492,1.056523794240857
0.6177972088739446,0.6056439248090467
0.6365397630255725,-0.6913911487169481
1.648424481501024,-0.2298154115372508
-0.7904580844929888,1.2934311765514632
2.0179776836978625,-0.9824432066491774
-0.4157033582926717,0.20035402924940918
2.5421445128621962,-1.6327164223988901
0.5114684013659767,-0.8730943374073544
-0.26705933630625184,1.8100182884617626
-0.2921951267446893,-0.8933226053587271
1.7153545701178985,1.7401005352289274
0.9494588368060219,-0.5282586655544439
-0.1682604892969611,-0.04941396705565008
-0.6848776635323701,-0.8359708580447003
-0.679899616866404,1.2312623748146143
0.32793810110458615,1.5301460725977254
-0.013123526584125128,-1.1549526251669515
1.0585756186521795,1.1192780779102616
1.1214138915040848,1.4699430428311266
0.23114238769423445,0.5101267427798574
-0.47770877422609326,0.6873051823876679
-0.01321550457191515,0.8297673058892083
-0.36378440276830387,0.15756809685084117
1.1586438670586747,1.5568594336163604
0.39966309726400073,-2.045736053170888
0.6498483118972658,0.06508266104857766
-1.7086179598418507,0.8429248585448604
-0.2334533993806706,-0.6076088619036166
0.04410672163000275,-1.2684985570289358
-1.5469343076427953,-1.1164990008245292
-0.15695227862134062,-0.009394794854304719
-0.3212184541575101,0.1841763882678701
0.5715550925192565,0.3657696982569128
0.10444500324754791,0.6127586254081582
0.6709670226910427,-1.665450537942588
1.9354992392312231,0.8593567980919337
-0.15637488142111344,-0.659080631453318
-1.4102083022739487,-0.20354844407987016
-0.7061234561877545,-1.792779313223651
-2.174394593946543,-0.16626845147146924
1.2002265889133739,0.7980706034995897
0.029716006201811862,-0.8248914114647021
0.22988192968135077,1.8311966577565726
-1.0286561918669272,-0.5998367073633167
-1.207834157992573,0.7468171165350652
-0.3669711986811182,0.5137732228069201
-0.8723260339590905,0.5356281599164437
2.0795647190217164,-0.7089178587748917
-0.538942776471072,-0.035409023974788505
0.9667160215758689,0.5148415077864258
-0.7161344108094139,1.4706713614890996
-1.5698378774126198,0.09345790544725537
-1.9372920266740734,-0.21574745606993825
0.11139611934542608,-0.9985070665178445
1.7338312182129856,-0.31530397421935996
0.6843187383211387,-0.7590446953114929
-2.4191134931907623,0.41700842471205396
-0.022928136062517705,0.29122363027238846
-1.117348387337089,-0.6341737099367599
1.519063334986628,1.1501733445079108
2.2837351748279873,-1.2204193277248385
0.8298181162590945,-0.09585232706268468
-0.09968737739766072,-0.6452654438060755
-0.4985833345264292,-1.9806191092538767
-0.5746713065280623,-0.48320429746061944
-0.16602720087534248,0.4633896641702778
-1.417304750469475,-0.8052678491680659
-0.33284574505880177,-0.6856824018039256
-0.0661119288228252,-0.5026366089472383
1.585688178977507,1.447102262703011
0.05041760827638943,-0.2614377884196183
1.1471817061581042,-0.3544629116850442
-0.2559268149073689,0.5599290849669892
0.6576938246792288,0.5104368317061985
0.6140445474446816,0.008210393061259766
-0.2582732257168968,-0.42710628675825746
-0.5835713798805902,-0.005822112287375869
1.866868674283562,1.3201515976673335
-1.8595159379965926,1.3291751680256558
-1.266427682223996,-1.4773152020045153
1.4601372420456344,0.24939038286712792
-1.0593327217303699,-1.6058160265791603
-0.7671016460507152,0.9514911263287843
2.279751988112557,-0.14444845294662614
1.228981914378508,0.7569056880669599
-0.687131078803807,0.15901850580908058
0.947584357512492,-0.5823202050345948
1.4179106832396902,1.1723739821039598
-1.6225387198125785,-2.512411853661032
-1.0302432196886377,-1.8311383494966635
-0.8975191295068606,-0.36214146423404003
0.4282151332160982,-0.2219809191565565
-1.1478538440692374,0.0038767212987708367
0.21013548143233093,0.04242387309942931
-1.36360777025971,-0.631565737693857
-0.4734304196021065,-1.114610625951363
0.4034585771915211,0.6592542130291271
0.4164329315336523,1.2826836105339496
-0.5132339921713547,0.5191405308149027
0.5378922267030142,0.3580617484889641
-0.5853963008915957,-1.2479390355178366
-0.40003307882513756,1.296257420655795
0.1852838441304648,-0.5832449001311549
-0.36774249165313255,0.2902430637339145
0.6916361662562829,0.9334328328975409
1.2272495808008395,0.7943501762633063
-0.9059359024165772,0.16093811291022647
-0.36467893523036615,-1.5099681840490051
-0.8607422023476679,0.9834086877235746
1.9041601109228654,1.4745267659296417
-0.046540040503195754,0.6205881477910903
0.20967670252478735,0.7351668126892125
-0.6740739674544026,-0.3342438887459173
2.3070767696030394,-0.3992368337657056
-1.3283789491372007,0.6297707745304105
1.3771648856302336,1.205873773535862
-0.7649746251226989,-1.8607879196588704
0.7494333857554725,-0.22829911509413045
-0.7577903504024711,0.5913905179558476
0.0938233536127056,0.44500092319427753
0.20837691901999136,1.5367242638184258
-0.3847398377965345,0.2700570567118416
0.5663919937741808,0.28752686138598743
-0.26351388020567484,0.3922354020249427
1.2276218776830254,1.3994372429382562
0.7184257495394598,0.7730742867299109
1.116873129960524,-0.3378406343260492
-0.7473803636268206,-1.0802417473936956
0.9948399209364729,1.3872519435757127
0.8623879699340705,0.5132922831841922
-0.4652215934096378,0.7520746922396814
0.1987677625770462,-0.22327475487577078
0.512114388449506,-0.618819370191407
1.135998814958118,0.1690919897875637
0.13545711075539435,-1.0886015437676182
1.469274630590545,1.0820818637777532
1.117380396811314,-1.8748333030678375
1.4689877887939369,1.4479867324942501
1.5181728941854276,0.18288847813439296
0.3958577988801806,0.2860226818940929
-1.2334971991903134,-0.6996260128105742
0.11463468510872867,-1.4878222526739915
1.7377313476077683,1.3789739100314546
-0.5849498109525829,-0.8796891836632968
-1.1686654840576263,1.1115074012066806
1.962374323644505,1.5861992863845642
1.2371604920631856,1.721196126141135
1.0829283116114314,1.0730809368788745
1.913359040925407,1.5486476090567023
-0.33780675446740316,0.40680296161824814
-0.8972568672589781,0.9727657286438869
-0.657488686369026,-0.9800004582488323
0.47986605221336737,-0.3222213421812355
-1.28491102974478,-1.5017419045197933
-1.6393279205535034,0.7535365090458449
-0.12593488210896817,1.7755951589159942
1.7627674265888402,-0.9998694550962899
1.97421876510724,-0.4010221103876013
-0.39463797507481824,0.4752039031224773
0.7586365180558124,0.11439611700828191
1.7821558648453328,-1.2777672979010266
-0.05325068461674892,0.4583620193573373
0.6780725198074224,1.2052768027769787
1.3666302511088007,1.1607259753870713
-1.1629350408488102,0.2916460484164036
-1.1237621076255873,0.8679551444623667
0.13574023063879723,-0.3551011244062118
-1.8395420944145942,-0.8154143847552031
0.25661664657868233,2.0833955121568772
1.927821283454225,0.2303250420166088
-0.8549579942703879,-0.415337029894506
1.275692457881312,-0.7166439708017307
-0.5007874511521003,-0.5638210461164845
-0.4644839519782577,1.0456035201839702
-0.049592144264938944,-0.1294257041086539
1.0710374429956684,1.5597109943183292
-0.3719383940529852,0.2974905121730501
-1.0056932189310561,-0.8314538600266328
1.1193233872975767,-0.9608713214800155
-0.5506945414743214,-0.963151443790712
1.5986388708341188,1.3261716000318735
-0.9712818055547126,-0.5042013855431232
-0.8999108054852955,0.6219002806667396
-0.69925235459481,1.8164977951115502
0.9130405126221074,-0.09465644204922034
0.06871033619756106,0.8284449187913602
-1.9734327749471383,-0.12775601992326788
0.85587831396017,-0.6352358717313151
-2.0778111386817604,-0.5997148864898911
0.214158000968366,-1.8235250425634413
-0.08290535694949373,1.4420487368118748
0.9500985393957504,-0.3566306575854623
-2.227753941004928,-0.10306758205163556
0.2892035472298525,-0.07452437565603626
1.6142970916361452,1.597340456400695
-0.6044780346328443,-0.24256964885949567
-0.7747883549172601,-0.40547974679971044
1.114403381488804,0.4824106372346506
1.4783990829060683,1.8038048708428236
-0.6378455236703011,1.38386497781795
-1.5095039040791007,-0.7889960980374524
0.7207662588393201,0.09631986242499685
0.6217836127449423,1.0262993562342009
0.32351785492373314,1.286274472003081
1.3614339752398974,0.5349971634360187
0.793158463924377,-1.424019027981853
-0.33990296702590395,-0.6780305498822377
-0.42505526546736433,1.2377702863923383
-0.4637269775360708,1.5559746189344388
1.5011750402408897,1.3601764485310053
0.7979302828560145,0.212511643390414
-0.507282884896587,-0.291876479716799
1.5184579902001276,1.1455513650628921
1.7071920352656689,0.9134397728970651
-0.28267763079309133,-0.09833002394681131
1.128423892380415,0.39997996729692065
0.3772933963289992,-0.25545277983428666
-2.02774050052909,0.1707247403759201
0.31773250037428813,0.8926073242969798
0.4439871314256214,0.4733290865793921
1.2349129922796942,-0.2081844068020711
-0.091548423732844,1.0829380606300265
-1.970872269552515,-0.44505416783372237
1.0713633293974405,-1.0341504569040605
1.0621236791044233,1.6626284352608656
-0.6864206316825958,-0.2703071104628853
-1.986185750192765,-1.601302964072069
1.1295579214646876,-1.012146568188227
0.49638076469733095,0.5293092032979506
0.22426747705869485,2.267496727957762
-0.4671862493701853,-0.09453059223558118
0.16415359412212804,0.6371633181532501
0.34364693409065455,0.9688859002098493
-1.6137928078004176,0.5928003024871658
0.31586924812336176,-1.037643987165184
1.29367959360095,-1.5449853548894765
0.8599580680521746,-0.11634312182985601
0.28895199531501636,-0.41889274888000466
1.0111847461409398,-0.4478707520575053
-0.2795833541596571,-0.2458848928672183
-0.10931863217602258,-1.023506859739871
0.9180789424436043,-0.606734773051397
0.9793327876771316,0.5639909966762954
0.6355753924862023,-0.8236366085281192
0.9094027862900048,0.18222198373078805
1.3566653020085369,1.143307613448715
2.2906829368394104,0.14991384710094768
-1.0873501940881163,-0.5286229432952542
1.4716447155412193,-1.0297675259193506
0.4108725194064417,-0.3446576068220735
-1.1955186183722035,-0.5769496161400837
0.8774757325694101,-0.6408441390568763
0.5678404031739649,0.21354803265591862
0.16880979350218833,1.7094464109258405
-0.4068664493086639,0.14571656667473923
1.9817472768346083,-0.1907196253106246
0.6051654199499377,0.05688296083874147
0.36805449309150584,-0.31514354626036994
1.4015818280074055,1.685613259359595
-2.907923958617423,-0.5504960430226306
-2.3384982101174803,-0.357540553603994
0.6380155729549143,-1.9388180982006755
-0.9635019428694734,-0.28119655919972786
0.7837279127787107,1.3215953408197016
0.6450273329410406,-0.06014645872183232
-2.16533664283334,0.7688249516271835
1.0817022761342745,1.1836464901806623
0.6192787303142906,-0.8694007347182601
1.4027045522065067,1.6448064728733456
-0.34635622595106325,0.32076543114257433
-1.285821008229877,0.3248721092994037
1.3826466196812506,-0.38924359206815334
0.581788727900765,-0.2216319361430178
-0.20307172713248323,1.647398541865494
1.3215223809035737,-1.125737809706749
0.23708110694120782,-0.8109009460106463
0.11694762166841186,-0.5874991462027097
0.5852730791534949,0.25982845036441077
0.3972491362696811,1.1565655352595834
-0.8081858507184929,0.6344274095572598
-0.710376007265478,-1.0866517993221583
-2.0203815456295375,-1.002856316894234
-0.92921123144836,-1.6322905951304205
-0.9141981134562936,-2.1542297977943465
-0.3881431401402545,-0.17324899946347433
0.31662236447661324,0.2020903827942771
1.0955333468258304,0.5665862813591581
0.15873378562016013,-0.24646178695451662
1.3392387501035232,1.576296611234013
1.0922402243354967,1.7337895375321077
1.0279378756025688,-0.7178690048104207
-1.6828966257769287,1.6112991077357024
-0.009523487032578846,-1.0141029328108688
-0.5741047331588647,-1.0783294708520483
-1.0499145932467466,1.7837360361496526
-0.6288321386853843,-1.6293423234702136
0.7663252195904101,-0.8199255909266773
0.8486592084879748,1.2623750408726557
0.7444836555472903,-0.31331104264087195
1.323377661552266,-0.974125411937177
1.439541712106865,0.30660616090198184
1.5179419453920429,1.5869525558944182
-1.2776145658953657,-1.32237311737996
1.0660459429730877,1.119166020742894
1.6103390057253317,1.3345867697684393
-0.9408999619026526,-0.34856207519948224
1.1493970968757432,-0.8899199188655968
3.5053017235152346,-2.7201795649658242
-0.8586930628394155,0.8298623213650249
-0.05221315624686662,0.2829258864240862
-0.781474098763953,-0.45040193748807883
0.44715944829336557,0.5730404867883103
0.16970824257362413,0.5323101411698687
-1.2767816465261055,1.8687238811777869
-2.2775149904872114,0.7741059673098841
1.5062286249671843,-0.023517193105250776
-0.8643319933130152,-0.04441768342072592
1.1711044621331357,-1.0828859145019372
1.650468005775061,-2.3596641406098544
0.5374234069221032,1.4974996748243092
0.5325966220809994,0.12030836197925636
0.1042628347663867,0.12136414415974217
-0.47221375168387447,1.4604496597465983
-0.3285503585153577,1.7665320599827443
0.20446415074711796,0.9499275275059959
-1.389912023766509,-0.6607655672304299
-0.11686678561359624,0.6281584440685093
0.2573934732345834,1.8012051082882787
-1.3406188552126312,0.12084094157049423
0.4345725238521487,0.19301301982662902
-0.3560466322353792,-1.7432268380139562
-0.39678668619233753,-0.6073887717515786
1.5605718554635315,0.887045214453049
-1.040168758153184,-0.7452738617566316
0.2754981071453205,0.8789161285791517
-0.596814141161374,1.0648308686836843
0.9553505870619139,1.1633379341125798
0.8580825136168267,-0.2148780422156695
1.362899545278181,-0.5392586880412554
-0.3838681756577817,0.4684875960722724
0.8782986985394116,0.2681185401725596
-0.2541919718912439,-0.32604272729870337
-1.2564567726469498,0.01678495578971258
-0.7601992899069069,0.24661849438969927
-0.1457624362092116,-0.22693624663987338
-2.4721309548813735,-0.9678493633954327
-0.21339140090508044,0.3022233627962182
-0.98962878291046,-0.5433786641406996
0.18130261640452977,-0.0698601799073139
-0.4555855601043539,0.8450687527285219
-1.3233362021771222,-0.30819334360702144
-0.6196794896445803,0.2938320000174335
0.03425819720116657,-0.9920282944921954
1.8100010595918798,-0.6807899669334023
0.5734984074708138,-0.7485003283511414
-0.12087788984268982,-0.402073898705777
0.33269880589544165,1.0530339911592947
1.722231314012828,0.2413082094774228
-0.4534632834688999,-0.45479019392055675
-0.1932070884220646,0.8359561769563281
-0.6005111302134624,0.7589793912069326
-1.0271416969106069,1.3139586917990633
-0.8834565904241152,-0.23693176141040304
-0.5599308610767073,0.22530444380668563
-0.08009833682250062,-0.4706320950706536
1.9015810863408402,-1.7013156278774184
0.08021664670971662,-1.5904840246229546
-0.9333416675461507,0.10474558486926171
-0.713579135907908,2.0631159032806696
-0.2707952698217734,0.0892471132161703
-1.5796558185398886,0.09024932269455821
-0.6326200033411894,0.9853857335094218
1.3541976634725874,-0.0010915264168551888
-0.08727937907268825,0.6330379560933933
1.3807016268544048,0.14885979401385954
-0.29343114163974404,0.19272724188685222
0.7475049792932342,-0.19130979192158956
-0.058982003087021416,0.2822748834195384
0.2919210863950518,0.5718814216219875
0.23318813498088378,-0.47141591473332506
-0.380644327719514,-0.6038217613021737
-1.3932854055914543,-0.4051126145533244
1.0797464624423883,-0.24143647106705016
-0.30678420366037806,0.8393917720447356
1.1845504599001249,-0.4293869188043305
-0.10078137573204227,1.078504485675035
-0.19544693325869567,-0.17203047419753068
1.3235778753111924,0.6295726805802917
0.4496714469428796,0.9048246134037744
0.8148233525247373,-0.4996701408862238
0.29340253766452695,-0.3974150739687549
1.70938628438318,-1.7439393284154057
-1.7507150653766,-0.4244004299981496
-0.17705849136172983,0.22386347891601885
-0.19247733265356892,1.3591211344527543
0.8342669257246956,0.054398281647322834
0.39335543171265724,0.2912807808328297
0.8821524276301713,1.504030905192078
0.4490837967976828,-1.0676219947052201
1.2659519019172323,-0.47475632524923084
0.5198566453806349,0.9003432124600214
0.6710225500557943,-0.24855324103036483
-0.03635628704465453,0.7659088207005185
1.2952685985111845,0.657031764657784
1.5731248820549806,0.3562007381427657
1.1252876411968538,1.2219292421669916
0.7754813528500567,0.041863570777434356
-0.17344748469310725,1.8876082303673893
-2.342025042187638,0.0248993864030576
1.3101361783494845,1.7031179732878852
-1.0727577409750653,0.7828986787409986
-0.14579818022248262,1.0541169567126905
-1.382215840251446,-0.25273303815449594
-1.1556206828302995,1.5304873301613502
1.1815772483639986,0.7769293314487133
0.010506539473327182,-0.5748921838384875
-0.5640773035252663,0.8888222500704993
0.7019271002866512,1.4128781440864653
-0.09423503935015093,0.422241149836556
-0.6636158212607343,2.028452510295901
-0.5975572478955296,-2.164122836503982
-0.11367509123325406,0.5112647628899707
-0.8354052848089532,-0.25294239210842745
0.1263095442009872,0.571700573645676
1.5356427501240246,1.4329519200648553
0.715522320173573,-0.9030440080750636
-0.8803921781152076,-0.7876776247390972
1.302479455180998,-0.20665211281832158
0.3245891478844672,-0.7024145406784873
0.1798787796206575,-0.25644113595710377
0.18184278576451704,0.33990143421275637
1.146273489940249,1.428044817836566
0.07684675083017972,1.8044191472775777
1.3651092948299988,1.2887280288605278
0.45406453104734545,0.502560325113872
0.9301231848641608,1.232661029639238
0.859858742071699,-0.03783007541449892
0.32672225571856195,-0.2875306752851584
-1.484213582892081,1.1463400837494142
0.10647260865826906,0.3112876689589397
0.5834159166303148,0.43181661855503717
-0.25606131195870674,1.0897586144799016
0.47091788285623765,0.4778439226282355
-2.2094402075879733,-0.9843341449619595
-0.8290143741316857,-1.3489814529265405
2.5558980948895016,0.30260918299952566
-0.7781354343395798,1.7297404457233485
-0.6715515393824911,-0.2889884220671244
-0.8435179993287921,-1.6965787660535558
-1.1110329476605363,0.14202129820358736
1.6391845848618425,0.5035004545678954
0.795087412121317,0.9121983268322778
0.3350029333781451,-1.1742439249160135
0.9455830024386606,-0.9073064175672899
0.8804842533198104,0.632587644103771
1.978658895809009,1.1124894626089914
1.3796573644154535,1.8878394752540164
0.5208318642033684,1.6397158871856525
0.18985441641528628,-1.0970558722474442
0.2869844777812627,-0.6651564044591148
-1.3836977407954356,0.9577643892972931
0.9356624173553243,-0.4228488240617085
1.6723548723253163,1.814706356867201
1.5279839795687264,1.9637020877893092
1.412134110792211,-0.8241627112673301
-0.8310853817046817,-0.33656943869575967
-0.6731227747006809,0.8586602175310211
-1.1790066946478026,0.7234298788950368
-1.988490955874065,0.9582113648970191
0.978526273319704,0.43957574192669036
-1.1518174517223394,1.1175330454197507
0.2681046845824022,0.16957629675444288
1.148259114613111,1.54748492241121
-0.7179688137707031,0.4604178879837373
-0.07790154441397276,-1.9650427553770344
0.898202643685921,-1.0558433614867218
1.8724513335967148,-0.1699764512415437
2.3003442622637404,-0.1618356988007352
1.6019277331932522,0.254373422889766
-0.09304249593376526,-0.1652488826927597
1.5652245203325135,1.2257860097627002
1.2841794465295568,1.6929649460893033
0.317349786532309,-0.3610254248980623
1.5752945663489308,-0.5124720243093115
-0.8977669415385667,0.6937498590446628
1.6641551032989241,1.5833390281887523
-0.8181256910747122,-1.3097272379042397
-1.4049833598904136,0.8888647010512057
-0.07768895988844693,0.021199120077974646
-2.2841471252786776,-2.5904671188684985
-0.0473742488712333,0.20634285731279078
-0.2876095867846892,-0.9158458257498782
1.6184040332818441,0.9846768159612296
1.2460616336217492,0.4978698849855179
1.2866717349560883,2.310405907170714
0.5696918206344632,0.07581703395406716
-0.8062390427792854,1.5464125647035412
-1.1815664939322446,-0.6859474416796544
1.4895154079603412,-0.7840864191272973
1.259584028860223,1.5059111328734667
0.2279716496754589,0.6806822717453588
0.5722377333052844,1.0867074922562754
1.4928116039224215,1.2149806998721613
2.4418999497775076,0.02222648814910844
-1.267600196103784,0.259516999097634
-1.248232198509032,-0.20548888355928097
-0.11521540717418348,-1.444586563294633
0.5101527386606746,-0.15721977889214528
-0.3216116082769397,0.6395678969654531
0.46467570962361926,-0.393939767780914
-0.5424690676911186,0.9431340514341818
-1.2669077664026185,-0.292095599397363
1.3894465453067006,-1.331891784382544
0.6537222104952595,-1.044242483194943
-0.4172555843360963,-0.5131675927668514
-0.3970220875253952,0.3023536774354798
-0.6376545982974817,0.5316878368763427
-0.08569581495700868,0.01695011925243338
-1.5431652917249172,-0.9268366826142018
0.46241774573436656,0.0609067264505804
1.2838611654159522,0.24505391140243896
-0.3981758329242882,-0.19239012519749404
0.7749812961196404,0.897463075560227
-0.36734575548456583,1.1292066897287778
0.18451254842822867,0.5974920193340275
1.442941446250152,-0.36236662317271523
-1.5121846332155424,1.0953883370925939
-0.8012606398632169,1.025483312485214
0.661437369206271,0.8814948221609229
-0.8206901461570368,-1.2195436822916639
0.9617370216846893,-0.7556240049131794
0.32986778963020463,0.27512388977040286
-0.24366836614216653,1.3220614124860686
1.0627279454872873,1.0628447611021978
-1.329524784400828,-1.4800935963019068
1.1419482053038994,-0.7474519557865017
0.6922343379184033,-3.327472693930986
-0.7080850065079545,0.6698782358055936
0.26275133565555014,-1.0142783247040155
1.2192557228386234,0.030801872319846057
1.8579165654836804,0.20066551708888433
0.2784263874160039,-1.7844781883020135
0.7848686108382689,-0.22472264088578245
-0.32280621957041106,-0.3395124094825861
0.49903076858640893,1.108804197570383
0.34412486750192717,1.996245900422928
0.4212662907426795,1.3211435272837082
1.2492429288839828,0.756147180034071
1.0790332223632304,1.318322060311488
-0.6514809700447147,2.855481286171147
-0.11372384875092792,0.2051145118093353
0.27804778733444324,0.4807068607076034
-0.5371090098803013,-0.15521082727684116
1.0343866415974265,-0.9018443300266856
0.5950396189787959,1.685734283261108
-0.14192642324099744,0.25685337167632216
1.2680908111923865,1.5774388075696624
1.727292667492683,0.5248646453859552
-0.8375615588145909,1.2436928070997568
1.199264719939441,0.9217444521528765
-0.9946880602532676,0.8371584141397642
-0.37588833861970034,-0.214629820135369
1.670850742137349,-1.0801393674148654
-0.4832245690949434,-0.022986879647962356
0.5607989113446962,-0.639583374219576
-1.6892138532823742,-1.7005409515710608
1.2698193171697385,0.9652985610652719
-1.640548950042272,-0.6666338370049713
-0.6188994561753779,0.2137155284419208
0.17455979926245724,-2.1859264049077263
-0.7953455058823605,-0.1329017207502006
-0.4764706753372234,0.17573667515797706
-1.3335625333361152,0.1427693443555227
0.44435752103009263,0.3305328068751389
-1.0005811416575612,1.0640442778605517
0.5324371788155405,1.3437537037230487
0.20477143633564177,1.8366815454832706
-0.5284668146345741,-1.9293634283671692
1.8947038595015924,1.2686301381935652
0.3690615291263725,1.1121235078870961
0.16979510568134862,0.28507673413696977
-1.5444595357100719,-0.41002256820389243
-1.185169413600619,1.3623724002348176
-0.5128954616161617,-1.3130240394808523
0.595083558301308,-0.48099017708895747
1.3360223623196008,-0.3418615418701341
1.1367314724874562,1.7942796769084408
-0.4118008957848233,-0.6846549807956444
-1.0171474695328997,0.12230049052537278
-0.7321197100561191,0.04955705780817836
-0.7335019838504213,0.03649816358039528
1.9884129551356147,1.0521270821559452
-2.0468158274353483,0.45585416836060866
0.5196842218441288,0.28082199246063755
0.8888297204405303,1.4440156887786328
-0.4046125006569216,1.483046120654458
1.3540989323277228,0.8725818305100804
-1.2381007473855632,2.3696338615645662
0.230920643562052,-0.018661256436590144
-0.4892522983465974,0.35987611833467825
1.53447031752469,-0.26285665450431867
0.7774922897476305,-0.6013786610823224
0.6296009412421076,1.1713656230734302
2.8065619784741562,-2.0532600474367158
0.5582393232679109,1.9458862008316749
-0.2368222695904935,-1.5637499200200946
1.1743459282799085,1.50317558393939
0.7042185451897336,1.1097959570151708
-1.4058660631847546,-0.07161885449667989
-0.5316435806329918,0.2663628763092167
-0.24580041446729411,0.5868124133580069
1.278678047247342,-1.4318875022105637
-0.9156712716781382,1.6028283720735392
0.34728220527315173,-1.5746749488467788
0.3528276122447864,-0.44354906237001623
0.37502068959020807,1.777353556056568
1.3202256318664682,0.49530384563612395
1.309607742452803,-0.648078542922607
-0.16470060672147285,1.5000582363588821
-0.13756060875160375,-2.307403363044835
-0.3073456012100239,1.5445031133609814
0.03090125942524084,-0.4296223879067756
-0.9908156173240643,0.10757906947760987
-0.45780751127568137,0.4832041844993342
-0.7042829161130368,-1.6524521106315868
1.2538155194226313,1.4978535710336325
2.792538925489797,-0.46158548044082065
0.6067682671197745,-1.0940336104943704
1.8890511749569152,-0.5000569309123815
1.8045953426531254,-0.995482288503291
-0.3589836205695919,2.1978343318908227
-1.1064443905353196,-1.0584194271044678
-1.5980669229416864,1.4618499548256423
0.1266390292347295,0.004623123306429824
1.4339264923063566,1.4318157832788398
2.0123143871642015,-0.536501712927867
-1.849590414480953,0.29627655367025324
-1.080016020064946,-0.3885109967832974
0.7796347649017307,0.08341267670627751
0.8940071793872924,0.07262707899724755
-0.6630837826881489,-0.7597276299272441
1.7678856654723374,-0.5305430001239712
0.5071188988842409,0.48043152868325406
-0.6195486592156164,2.253922042760661
-0.4565870751458025,-1.1126255230406321
-1.0140800716192961,0.027098190838828168
-0.2340431319332387,0.967630240690185
0.047576882105937635,1.0705376061155811
-0.6978238208804197,-1.4165870228519089
0.45761943927254,-1.2381460851423043
1.0462595020692593,0.9346585698028925
-1.4021569336637838,-0.20382915127324583
-0.23940981316604884,0.42749693188536897
-1.5333806240317023,0.3742583423889744
-1.0156910346328147,-0.08834619031670093
-0.2616319406351903,0.800120553900819
-1.035149624083616,1.1860622809438868
-0.4659909015816898,1.186657084297527
1.544725430254995,1.4673074087575457
-0.0665225955626474,1.5511296539398929
0.1943376302271033,0.5989263789997328
0.7526481673739845,-0.13086198933494858
1.3389967464570565,1.7304518757105096
-1.8614916692367833,-0.42274156693084985
-0.13030209263826814,0.5345398452378594
-0.1390681656171653,0.5038542838491272
-0.11542401627751862,0.730966182659444
-1.4706973795082299,-0.613269056019901
0.1844441521379922,0.1992724412540947
-0.882547962011641,0.24479746900881705
-1.481943127365212,-0.9751022875137512
0.20277416017268257,-0.5350023955969853
-1.8659267893869802,1.5224465449674596
-0.26003802250805746,0.34634170909543166
0.6642810276544024,0.7796865956577057
-0.8444525336484126,0.5959832587400967
-0.08839050071453096,1.200513861090543
-0.07165875093109056,0.02502072778641235
-1.5486218795474889,-1.3891863156296715
0.7436601423202541,-0.07117813608602086
-0.3308832848758113,-0.6484902352791903
1.140421911093888,-1.3199363590772948
1.9789387745642464,1.9612197640605196
-0.4804226512167187,0.2229445493992653
1.3636321464961008,-0.8952987502998714
0.43645509178838104,-2.0232325143119816
-1.5792751539331096,-2.177188937604722
0.14613453261958648,-0.9150403374844497
1.0915721330152635,0.26431500067913355
-1.3783869801674278,-1.1439969764394313
2.017460845024727,1.8789521016957427
-0.08047096912861662,-0.5774835958123516
-0.7602605117782708,-1.1433489308712388
-1.0979328027802322,0.36535231072763363
-1.0741155355667071,-0.8814633357792694
0.11604846051569047,-1.548420090679429
-1.9830386276049157,0.40312593391561413
0.8776704288648409,-0.33183918335408097
-0.3459185764459683,-1.5933773994935028
0.955903514383962,2.015112805190291
-0.42578092986437877,-1.253998469369377
-0.06306963115456925,-1.8848444767912702
-1.1109474659478962,0.18971215549888462
0.041146161263368695,1.9378228204754437
0.6520027013118939,0.8935016464532424
0.7335135949726831,0.9905219045307361
0.4121976950131734,-1.7594402216763305
1.3105194338211468,1.033077770241012
0.4544000916444573,-0.7458158389773947
1.7572270356903334,0.1282818434790812
-0.6144898289928749,1.6907762517472595
-0.2690737034767324,-0.15318084778708616
1.4533005543638757,1.757294930826298
0.2024069733699369,-0.32986592234958684
-1.6916697906236555,0.7387610730057783
-1.4403835823448659,1.3603987210817705
2.85132905702005,0.12497900281378457
2.112004994605466,1.387351518123893
2.0372919746643294,1.637808954571832
0.030322951975633623,-0.037336699800402884
0.15176519630974242,1.18995793029826
-1.437344639453183,0.8109960892372403
-0.42644410104700287,0.4121319259545022
1.022864747683768,0.15606949719201896
1.20128750349085,0.08973477590174644
0.7780099204832398,-0.9329147540931143
1.791831283386412,-0.8632465965034875
-1.324867751671447,0.28047452757329216
0.7860064379250797,-0.12254763230573554
1.2427307125828093,0.2954517203006481
0.45390676883937875,-0.11160547739332881
1.5262034715979418,-0.7486707279343423
0.461818799105452,-2.3366417118491167
-1.4557281267771074,1.3488729321852175
0.487924141042918,1.821207973545067
-0.718419747067424,0.667866013730534
1.6923663476250161,-0.6342685992389181
-0.9728409310783857,1.3106331536102342
-0.5128671514601417,-1.1958121618511799
0.6723010059267239,0.8810871127980234
-0.5386895763410365,0.8350171729272124
-1.9659454297025762,0.5117658913752063
-0.3264752718725254,0.2073852570322784
-2.026968128333853,0.3735546167226616
-1.4739104989998089,-0.017319270740957987
-0.934607800911079,1.3127961141764513
-1.3741256904602475,1.6755699965786677
1.7128950895513597,-0.5030644157202936
1.5064628362994905,1.2495585651874603
0.062349086684981306,0.143366507164423
-0.10528761117290547,0.09557107347789
0.6229121984461726,-0.34173103763859153
0.0641230399195029,-0.9303774728036927
1.333666920461747,-0.035732129312187
1.893768633305529,-0.3839119921355777
-0.3835205694345404,0.22089227741082643
0.4380859170859563,0.31063019283696963
-1.1845845614039399,1.018809273028561
0.08445947329327676,-1.3408329761809534
-0.4471342532403971,-0.17571535107147568
-1.240688926946684,0.9486797300284915
1.2711260888130116,-0.7679842850864318
0.06866009395514769,0.4246792267211125
-0.26098298493905314,-0.6923526642266907
1.1863267586687203,2.0637300750748353
1.4102003854320257,-0.9130955869864913
-0.18851975483342287,1.6343420055413471
1.869516840596004,0.7034876367634902
0.4153810285794475,-0.18738319709346066
0.022369835768485613,-1.8541235848596374
1.6023394998452904,1.8380955101179939
-1.7835180703324427,-1.8110452804630013
0.004537653284374599,0.23148133329457057
-0.20136252486330852,-0.995618503901425
0.5679292537172437,-1.3086528045612715
0.7297726889370874,1.1448139555616208
1.9673591887909956,1.1597606018519442
0.6792225612631949,0.18587777021415117
-1.2201029033115647,-0.4874581145910033
-1.3485496516574818,2.214139795181447
0.3320065926068847,-0.8694761976453484
-1.552769046957058,-1.481352520883368
0.5768542198653979,3.4532592886090065
0.4065834525342003,-0.25017611071320006
-1.8855269715067364,-1.6680058438949896
0.916385592051733,0.2611073040988043
0.9135938074760738,-0.7234193473435024
1.4105720532013573,1.4861195991889657
0.3432169946813374,0.4928643782827739
1.6024271009592366,2.2904951143776158
1.3239920961086498,1.313331382433301
1.7177444888068227,0.8245338509276596
1.0578554056874618,0.8102222951358976
0.6298364556778209,-1.3685644133134454
0.5550371718241041,-1.3059908725081988
1.600196193129376,1.0978786792589013
-0.3261903684631486,-0.6133445173575882
0.4548096718340596,-0.4533135476512192
0.46042332546859216,-1.0494878311988625
-1.451685915137741,0.5320683485564675
-2.194594182860688,-0.9784178434190977
2.0055846870818925,0.3278324133559912
1.598728278227604,1.3372162651309003
1.051042250329382,0.4657124090111054
0.2875368887867219,-0.9427929850873655
-1.5444802863755365,0.4127455576554643
-0.023427009463360907,-0.8025835686249024
1.388552118697388,-1.8983330276483197
1.021138090999749,-1.4610083925313457
1.3381136310575183,0.13982071807501567
0.07969978147597526,-0.581266632636943
1.2387465093018102,-0.789837072905278
-0.47197853405469625,0.845383278878432
1.0013992770566662,1.0469419098781587
2.2320793969668427,0.6530256888224781
-1.188582186303644,-0.19901838189674753
-0.15925559292053207,-0.38653126387983094
1.5451453190287199,-3.050387211900572
1.308018574370155,1.3953480744901077
1.165767340493964,-2.2356988790997594
-0.043570174047086324,-0.15068840554881757
1.4540853482472296,-2.2867190816268463
-0.5702179880178138,2.1237179409680977
-0.8788027464386893,-1.0573329828713758
1.2438873007801652,1.5756861139032503
0.788606173924266,-0.38472747061988216
-1.5865067342283818,0.6344036001901664
1.8397227512137884,1.6629962378607668
0.08698163803989123,1.0931488521919774
1.7152317062194826,1.4455565437313103
-0.013421532688375454,-0.6960648067356731
1.3277537649717512,1.1061192901960004
2.263578674446224,1.0694938127410445
1.3987993322812378,1.4150139018072452
-0.2781959397152662,-0.14331789584193222
-0.01870186215788894,-1.2769952180626916
1.6469815503721548,1.990963559992394
0.9468847401981887,-0.40297199794008604
0.3769903962468564,0.7832019128144709
1.9137426645622289,-0.4769968909693236
-1.1076964690114035,-0.8725971294989212
0.6969238619099994,-0.13336220530051193
-0.007679205296950783,-3.020702671113374
-1.0029660518317318,-0.5043146711583139
-1.536917739919307,0.6419916339335758
1.6336594405190075,-1.2387504061287564
-0.3782074782000426,-0.8020997146772365
0.9964536575464886,-0.8829548498256026
-0.3442343868212555,-1.2568235876496583
0.17824655422537247,0.6528629789967698
1.8764805796234203,0.287060627002477
-0.8037651542436581,0.9904632289744605
-0.47513694175387466,-0.46540841901523605
-0.25338327291248003,-0.5962543804692945
0.3154120698864779,0.42673327129272726
0.15013154999646777,-0.20993101261418465
-1.1313489427092915,-0.8540983175191421
-2.509022498445869,-0.4290224945580793
-0.8450402908501133,-0.3268505467094278
1.0687321240381216,1.2943140606093162
0.35168223101573615,1.4713840176516404
-0.19866323504756916,0.4580002503469342
-0.4014130264733515,-0.8224290204709429
1.0828574324714961,1.65726984098003
0.014404141446396207,-2.724067280519679
-0.5189166694651077,-1.4386692413246205
-1.286413445883437,1.1286011311341562
-0.5934316747976988,2.2867608414939653
0.9946952552472482,0.7761823199612331
-0.7325820697762373,-0.6107948926142405
-0.19757881294151936,0.4080106885461372
0.6474255585073957,0.9897123976944879
2.203289563563042,0.25776458096375143
0.7957050644423052,0.7515655353616809
-0.13720603668625206,0.556192703042832
-0.24764256893261027,0.7676827476005574
1.2429003726082533,1.3172627513957793
-2.24862500797882,0.6861101868341763
-0.16498712306977578,1.2526165150507251
-0.6573194164201278,-0.6304466410046595
0.13841064836385378,-0.8202489423045933
-1.5965647067795339,-0.24536411442505035
-0.891709751588612,-0.6510096030507214
0.7059979121089041,-0.051072185846054476
-0.8267710276127106,-1.4907505770630503
0.01598827880410681,-0.32570920447637375
0.9849957367844974,0.8582960703129239
1.0885750711228177,0.5969087357162255
-0.6754269368356912,-0.34228716987926255
0.9550527264991099,1.0216668966437747
-1.2678492107482617,-1.439147789990821
1.0372474335564428,1.1493337232281884
0.17634544792930673,0.4855713950634497
-1.6847383794940918,-1.1840928233277708
-0.4743281947161682,0.8938137964331125
-2.138123585310871,0.6497921005754997
0.7490469935399232,-1.6398820521385744
1.789991414121751,1.4652348479279662
1.7774633296185844,1.735857914218769
-0.07420626021071525,0.3672969116105213
0.001321303594699873,2.0255639666334737
1.572035644485087,-1.090681264260268
0.13660439063203203,-0.4238414233448405
0.12091350689243435,1.0185214131119154
-0.4727654427181327,0.5266013051485758
1.9160158637804092,1.4181219225109356
1.0706165817328648,1.6195620250283789
0.40978453181754454,0.3743359976711301
0.1484658217584489,0.9102586436243609
-0.19872072654343056,0.16968645001762708
0.018196999752667947,1.2488808137132963
0.7730390339977141,-1.30570736710275
1.2662908620451523,0.778544655958173
1.080391148518725,-0.8313079811496498
-1.620167320862199,-0.5398656951748614
0.9653587639617065,0.12203809880535986
0.6610774885514151,0.9419637809579631
-0.597636698483047,0.442253950610669
0.5523062029545714,1.521834788885031
-1.6346813731473273,0.3812795483064224
-1.692441144895274,-0.3561716848113725
-1.305958311120161,1.1711980595192817
-1.5324430230294563,-0.07107811013990704
-0.8461358397925608,0.10512356871870344
0.7793338620072217,0.4479616861500484
-1.0007513461768436,1.7875254908549874
1.1379830730980272,-0.6872630762963702
0.17695745409442015,-0.029743708841010578
1.900280101935213,1.2872650086764659
1.0956435615797242,1.2902642721670927
-0.40336648386558804,-0.4181479496396179
1.7111728732257985,0.8789727277178774
-2.0142962614233513,-0.6235006405084967
0.5740489040348321,1.7766611727083756
0.27940527789051917,-0.8027154083382017
-0.4060851190634762,-1.326453925427644
-1.2148748054988414,-2.9620188523662367
-1.7906138041948767,0.6218511692254465
-1.5449670530659625,-0.22157353130193394
0.2910210127134287,-0.1639852870946435
1.1961595963560177,1.557832344111973
-0.05784293600243178,-2.5924718632814034
1.5446159676349471,-0.6060514258784573
0.03548036165042822,-1.0687489150947969
0.46114923874236635,-2.328032346378273
1.081040588010601,1.9488304968161678
0.7911920719751669,-0.05064201047080642
0.18227751334524506,-0.18318519894113494
-1.1642053965862493,-0.520669211888019
2.751216356197146,0.9929883838234157
0.5354767095763725,-0.22970047085386927
-1.0024247378212348,-0.5457334743021324
0.11841311802609798,-0.07247123708306409
-0.24621360731217476,-1.4787974583933798
-0.3290517553013839,-0.7517060755458544
-0.5928265713809528,-2.4393586849649087
0.2045552426024197,-1.1074103699450495
-0.6688835477136376,0.5387582428741723
-0.5901705477749604,-0.13463530300969864
-1.3470740144537015,-1.456310501795356
-2.2999550270226994,0.2025573507568884
0.40383990009603227,-0.42637872637621804
-0.2122942884231547,0.6213227710264045
1.2875625645898061,1.2519868965643197
-1.0430602955000592,-0.46637650534124525
1.4716139963186508,0.03311655503183445
1.1414709888634418,1.2343959559103357
-0.5026354452179178,2.3933331271460285
0.03507021216836544,0.5053974173783103
0.17484129638827287,0.07528243854843311
-0.4774033520478924,-0.7797687806828298
-0.4481420897388666,1.0898321507417466
-0.7325128276100975,-1.4995824629443506
-1.7617903666836192,2.162716038190038
-1.2202671264867961,-2.05481257009832
0.11937427585588196,-0.19851761543290977
-0.7434793083286494,-0.19340867918114082
-0.9052946495966749,0.6259156320738934
1.824395466951487,1.379484166901769
-0.8730254494016141,-0.47273929940748777
-0.4675400999177687,1.8015328939960462
1.347852748466934,1.0859208485286784
-0.8027186726061851,0.8549411465746312
1.6189228498034633,0.8842344563560133
-0.7594392430566177,0.3469254886471393
-0.5564297871733006,-1.1388959451159255
1.3862748402879748,1.4914382750771633
-0.372615269194163,-0.1850597322657474
-0.8533902058194283,0.6990792766390166
-0.5641983524551796,0.5376304259062386
1.0958269626099062,1.2111675652557479
1.0067460836154232,0.1744697127584807
0.36644269236312904,-0.550382594709996
0.22388728854033793,-0.6347436132035632
-0.0003710709663396609,-0.21975245707265145
-0.96423161836174,-1.6501676924570432
0.45660969617405295,-0.043608747182251946
-0.5519637343661226,0.3841830534027052
2.4309322903246544,1.4317443336902038
-0.3853524754293541,-0.8119946053950297
0.30187506838157074,0.8342763366192021
2.9288192251444443,-1.2065466194115135
2.6960088767811015,1.5709580866051949
0.2601222249862366,0.02458207877564836
-0.23518111759738045,-0.1809758678488061
-0.5609392223496441,1.3715324066531231
0.6892279229298388,-1.923991594846359
1.8329362272319056,1.640630217046525
-1.2338606986583784,-1.0901510194523234
-1.3893568837642318,-0.7964632928664257
-0.8880610695489259,-1.68500422324637
0.994536188639159,1.3054833174013916
-0.31002087934602907,-0.9569012860516255
1.4606901024159793,1.7002242327639177
-1.912355540125423,-0.4860245672047327
1.2192221220428408,-0.5830869109764104
-2.3422108272537847,-0.09154192642042328
0.28321974178925496,-0.16147922512498425
-0.031601135216454954,0.13625225475215633
-0.7722687597456345,-1.1702897855814878
-0.8023473606142303,0.5185564576563649
0.944998099697201,-0.1010452950344627
-1.4082883373310886,-0.8300441147733945
2.3325812513652844,0.9491537041071505
1.1411303755131363,1.6875563161166256
-0.3954428714390285,0.6330743201434621
-0.6114777142565109,0.5530762855766586
-0.5093732827765467,-0.908681473802909
0.27185068741207863,-1.3201379593463223
1.479229304451121,-0.04412053754378451
1.4154397496008335,-0.6460367241553753
1.0432950809543287,-0.6727412599741558
1.329713869720796,1.6074745764757272
-1.240833663012753,1.1710028382869935
1.246159412297116,-0.7273374890574159
-0.9762388218852094,1.1725476286942003
-0.15837138393342481,-1.2992440051606107
-1.322344329513623,0.7742209060356997
-0.005754704428793371,0.6393988387092607
-0.4105389005594553,-0.5850144813498674
0.6075530995138815,1.2533008191512347
-1.3488135367005016,0.4794317519963803
-0.911950349542537,0.21673450438063263
-2.5566164712071733,1.7291353804992577
2.2840439272278226,1.6024301537526457
1.533228684327966,0.08620638361424512
0.7338405104197847,-0.2240729225387514
-2.200067805204363,0.8544977029257745
-1.7688355550921224,-3.2860490192194796
-0.7291646114944774,-0.18583406064837804
0.5937792267676804,0.4720387619879324
-1.0725656295690107,-1.2251385589616968
-0.34158422397038635,0.6816198311958256
-0.1451795303927629,-1.3941517334139264
0.21417722051335944,0.3134680656525962
-0.20543927202454348,0.22429107131886086
0.15170140611130933,0.9107027264533136
-0.19264879820469125,0.8170250353646306
-0.053494595153040676,-0.5190367489083363
0.22344109697837247,0.22586418808432485
-1.439687971600698,-0.6176525788378883
-1.3906533723616346,0.017145140980347355
0.5943487426255588,-1.8645205646150624
-1.43103153748298,0.6792931243136674
2.420779233006392,0.22868292740428628
-1.2842803668547904,-0.2648636359910886
-0.28911372212963377,0.00625614696542371
-1.3147423150922053,-0.03639789994353927
1.889650369375568,1.0088110250490603
0.772957674915909,-0.9564345727456165
-1.3847041376696005,1.333657299521016
-0.544827186233545,1.0706156153137312
0.06672154942117353,0.3594548376786011
0.18315686436825848,0.028716520182010843
0.22621493794662678,0.21705589806666156
1.2215956965839354,0.9585870849426659
0.6694597606653075,0.03596415465386826
1.5626342265688082,0.7293996728307286
-0.7247479570297676,-0.1693643129883732
-0.46227748974471344,1.389975867724291
-0.13937870104423447,-0.7657430784496951
-0.29745736989180593,0.32576137061058447
0.5942863333807212,1.5514813568116526
-0.9599355102552497,0.28084618894745766
1.7497627861291911,1.0987681279665586
-0.8933111989318577,-0.4793634266131457
-1.1287006376483306,0.4267117800755194
-0.9111601237902659,0.10407803054460758
-1.1401639696725399,0.8198752159879974
-2.4540884380397747,-1.6172247444873828
-0.24050258431909893,-0.6748827707816184
-0.8451358120111648,-0.541544737758046
0.8912494759382908,-0.13134345024707
0.46652353777254296,1.0595722737373137
0.33007033663098295,0.679991853315147
-0.08275056620456772,-0.20443660801406158
1.8887406059915475,1.083302908631626
0.6392422506978002,-0.1271714463771687
-1.9935953796665564,1.6308483551318016
-0.5238362562185167,1.6880039129296354
-0.4127267000917386,-1.4085198567827406
1.2251467583631774,1.8766260350859487
0.16511081864952443,-1.1000690322923399
1.112778875251527,-1.3037902854952232
-1.728438660165557,0.9338088288294469
-1.1018523866566603,0.40153822848025505
0.579580234734898,0.6688943214331441
0.24768922557640452,1.1987774524162504
-0.33907305641612623,-0.9149804270606695
1.2294552982335882,1.4542644418521655
1.0062888748745482,-0.3368990673792919
1.3663324167415036,1.1753739366270803
-0.8176423918447538,0.22337676706088833
0.3220070795730574,0.5150611520628826
-0.17373340601558301,0.5029392088470166
1.2846425988605814,1.4177761417969428
1.2548133996128912,0.4390615042968337
1.7097267593060013,1.3215951331970281
-1.0442892044875556,-1.7030937929396266
-0.6185602392943839,2.355127382139772
0.09555416180265876,0.7952765196948863
-1.3361600871829888,1.2191254690121207
-0.9561674565681245,0.6330857256136133
1.1961133399748216,0.27698206158429073
0.9482847027597945,0.7640282145768781
-0.05526450165123375,0.1434392152003585
1.7551772390554778,1.4306084774295011
-0.4438031805429024,-1.0285013448508125
2.7437770517813256,-0.3498889144867597
-0.022960668375463383,-0.9531046102115148
0.47933592774827954,-0.6269600315918525
0.2200796116250942,-0.20175068518170483
0.48719454672852563,-1.5788627209105293
-1.447773996655339,-1.6181438784108257
-0.4985975652934093,-1.2118041161266213
0.5793010452597943,0.46616957794294456
1.256981561005637,0.8428474220501435
-0.6286437550764595,0.19616855236462535
-0.8157973297138604,1.7556677780563774
-0.12857601251158424,-0.22847191274729461
1.817448357233551,1.4324303831073046
0.9392124688595537,-1.477750098521495
1.7082679405441517,0.1691844683654631
1.8276789969523592,0.2902213504503056
-0.8047966279775509,1.0434366989777215
1.6037299220700252,1.085328383668715
0.14232004436463244,-0.1538898877027847
-0.5596860475992533,0.3403587903593558
0.6163582063677744,-1.609045278422493
-0.9232023796567852,0.15969471768559135
-1.2384163051198476,1.0731189394584428
-0.08604424468147069,-1.3651399995549856
-1.6367803672601435,-0.447512204886314
-0.8513241370587185,0.3918316724731347
0.19903863780814468,-0.8274664151195059
0.14156450453521888,-0.28118712953662417
-1.4210017272348903,-0.5731955004908145
0.31531078663694695,-0.9670173189024371
-0.7263927761069057,-1.048859109460102
-0.6678134896803433,-1.3272572167422116
0.8251487212404052,-1.1580656510837022
-0.4634863266942715,-1.0726984727004503
0.5675608673775802,-1.0291915359646686
0.8950392428315308,-1.5096879775275875
1.3931541540904135,1.1383545022688497
0.6044929240122147,0.14381164677330446
0.9064250247504732,0.20456426402709899
-0.24246913158224428,0.9515051052492913
-0.1907887655120614,-1.1999191978115187
1.8183107211262373,0.980074272243938
1.2777670388020776,1.7604156092610672
-2.78461363661887,0.11721393934664388
-0.716542867809125,0.4321218276751287
0.3345845282294728,0.8698561102486316
-2.342989716888475,-0.22350817656644972
2.2060806450368036,2.4536815093565707
0.20164758378664074,0.7573497419953443
1.4256354128493585,1.585970524293939
-0.7569197124664432,1.492389792873301
1.7094255844856074,1.2048115357408378
0.956607028201665,0.354442922791612
1.13486069852336,-0.48170091851469293
0.9911759538003772,-0.38069533076222056
-0.31624149577530963,1.5087585658556886
-0.6638920066132912,-0.684354023061832
1.356684434596383,0.4335228386045753
0.4480958522828647,0.11404331131604935
-1.3615530936079967,-0.4992795552984574
0.16489009792029355,0.07538145391200271
1.4796654894099408,1.4814695418214139
1.3992613349371075,0.5812776124662474
-0.02416622357274586,0.12370218173086159
1.5076122323438246,1.471697995727721
1.2323853351361675,1.8303679123128695
-0.5453579324343449,0.4513419331510144
-0.07174227227396561,0.2103757599893281
1.1541477039211985,1.5028181499623132
-0.6310495146385736,0.8074595783076267
1.5027900025262289,2.209995859218773
0.29120013624388524,0.8265549988755014
-0.12531202120422263,-0.682081093005701
0.856275772033243,0.8353838424030329
-0.604471365733899,0.15133721407495657
-0.039529384808377345,-2.4363708567247575
-0.4353582410276132,-0.12790482711261766
0.36063903310458995,-0.2272876223243068
0.4061780723354812,1.0324302908614333
0.24055584060424257,0.3471872311005387
-0.7535628066065975,0.429206111700836
0.20499835156870141,-0.30273690733252684
-1.3875531516880029,0.42702742660071974
1.0545558449414512,-0.0024815900559299236
-0.10164325010226966,0.22661529611540687
-1.8776515064220438,-0.5306697120794257
-0.6764330770944867,0.9863101923496387
0.016950757080634735,0.045567105258526315
0.69135850348191,-0.12022989529183557
-0.952946125689745,-0.03724328701012945
1.3257579089456006,0.947885044482853
-1.0291882478418208,-1.4693647070486278
0.19770038183259586,0.4809247823647261
1.4472626473144572,1.274830787056497
0.6329877935293309,0.3121039497259114
0.6236282957076241,0.49505057607855
1.5130731335421492,0.1663296793419143
-0.0342406246367961,-1.5891857634265882
-1.1212758252309614,0.013506588581205297
1.3931963553117555,1.284771824882713
-2.311436156239667,1.403274101074012
-0.7299523912661952,1.0582512673263922
-1.9526769741999608,0.7658389836287823
0.8767478984696597,-0.21006454935931373
-0.65041576878443,-0.2000209386073124
-0.008238949662846546,1.5828992579978904
-0.5203394514188863,-1.1383760895894501
1.6275741271662434,1.0367193035978186
-2.7721793708926548,-1.108872307234454
1.2457841515279917,0.03823183978225182
2.7772928971602657,-1.797147702745834
0.9687836234146495,-0.46100782763912235
-0.4684518215709809,0.6301095588292249
1.261157220517719,0.22165061825464255
0.11972309223149583,0.9377682209485709
0.16907687979866057,-1.0863017418838263
0.2936381250196033,-0.8982140002253212
1.1954777519014668,-1.8897637311109579
-1.0480169619033002,-1.175760572142042
2.115065973159175,0.4084013942161962
1.214617215717379,2.2466207347400258
1.1897936464842966,1.5011071315542575
1.620465327489465,1.345961253453582
1.7070964460516236,1.647568034941956
-0.42424788198222046,-0.2094284395101664
0.1350955113127646,-0.5494551016597065
-0.3935563488428896,-1.2349504902503181
-1.1565354882970762,0.5156053904063003
-1.8937587579022865,0.7380477123620168
1.1723780546049165,-0.680882044482626
